username,check
joaomcanales,True
423bwl,True
permia,True
Temer2,True
bettylopez10,True
J8949WPmarks,True
unab2000,True
R8131BWmaryj,True
ljpeacock,True
hannahpE956LZ,True
Tom3588,True
PCO,True
KatieW1561,True
554iw,True
stavrosm881,True
danSt1004,True
Shallwegothere,True
LindyLindaB,True
speak0fthejamie,True
srablair,True
ddU2932PD,True
joern76870,True
ritalourencogranito,True
Ginges_revenge,True
jordromani,True
vanessasueroz,True
492svend,True
JopK11,True
SmithSmith321,True
lagoon08,True
Turbonero,True
SusannahP191,True
stephanelive,True
BevSimon2013,True
DoratheExplorer1983,True
Maroundtheworld143,True
Paul_Cra,True
stevebG6121BX,True
CorinaNitu,True
27Anja,True
LucasM7279,True
Massi400,True
SpaceAgeDad,True
251julienr,True
petervo20,True
longlove2,True
happyour1989,True
becky1487,True
marinacova,True
noonanny67,True
DanAdventure,True
OliLdn,True
juliew493,True
AX1890,True
668katb,True
LisaMB112,True
chiefninja2016,True
guyth0mps0n,True
Companion705713,True
Jelena2304,True
Rosh145,True
DvDdV,True
Shally_Branswick,True
A75Milano,True
382abdm,True
Leannemgiraffe,True
Colinkaljee,True
Silverleviathan,True
varadharajanC2109,True
ganteney,True
lboa248,True
runeveroug,True
276dimitrist,True
maryjowallace53,True
hollyannlees01,True
deadgrassdog,True
MarieSummers,True
caysera,True
JeroenH951,True
alexdawn,True
395philipc,True
mirjamannen,True
Greg9313,True
paulinelyepohlinl,True
aleksandras769,True
G8839NHjohannab,True
quakiix3,True
katniss_di_angelo,True
urbanshelley,True
467DavidM,True
Shraspink,True
CarolinaE5247ZH,True
alessandromG7102EB,True
A_Amri,True
eelSeattle,True
JalynCameron,True
WeakKneeTraveler,True
fotiss257,True
pearson-lyverse,True
Citydweller01,True
Andreas-Vasso,True
amandria1,True
Shamaa_Aminah,True
Johan176,True
nigelh689,True
TravelinSuz,True
VaunyRobb,True
marialX6903YA,True
607jayb,True
BillPNo1,True
FatherofthreeinKS,True
EmmaWaterhouse,True
Despoina75,True
lesliebK7682GI,True
normaw806,True
Bandit-One,True
228lakhbirs,True
jimavane,True
sharonhW264WM,True
antidfn,True
Wood77,True
BonnieT938,True
marieb313,True
StevenPJ,True
LuvKef,True
hurley_forever,True
elinikolay90,True
nolanar,True
Yenlah,True
Relax803036,True
inyongh743,True
chefV1an,True
bigwik,True
amaliam650,True
JWBond,True
H4545RSlindab,True
F2286UJnataliac,True
RangeR,True
livemusictouring,True
Alex280546,True
wendhmagz,True
plumcox,True
courtneypepper52,True
olgamU7667NV,True
KingDavidOfHendon,True
RobertoRodriguezPan,True
nonnieben,True
nielsh474,True
michelleaB1171FC,True
campbellhall1,True
AleksanderKiev,True
chatdad,True
Footprints787372,True
dmshep66,True
heathermM1637TB,True
whitepapuan,True
hcama2002,True
Boatchick9,True
Prez_Canada,True
heykb,True
964joannan,True
727AmyG,True
MasL105,True
333jennya,True
tjmU4374LJ,True
irenesiah,True
763anniew,True
MissJanuary13,True
921mayr,True
193mauroj,True
RogerADillon,True
Oeliram,True
SubbiahRaja,True
JednSasha,True
428roger,True
battlelj,True
Krishhere,True
wpope2953,True
TomFarhias,True
Maxprime11,True
chefdartagnan,True
292jirik,True
696melaniab,True
ballaholic29414,True
458nikosp,True
Ollerbarrow,True
T8505CSjayp,True
Naas-Man,True
jenniferstewart25,True
Farid1579,True
Skabu,True
dkolka,True
sashaunofficial,True
geesh73,True
Dimitriknows,True
stupricer,True
mohamedaO2947IW,True
msmith1243,True
Expedition679472,True
BaderL1,True
mamaluvs2travel,True
davidoloughlin88,True
ShaysOyster,True
chandim2014,True
dannytamimaya,True
Sandija,True
AlphaMike23,True
peseva,True
beyti7,True
davepk,True
thehorseshome,True
EB1199,True
MJN_o2,True
worldtraveler6900,True
74krisztiank,True
Konstantinos-AN,True
duanendawnb,True
artemiss613,True
gianniss656,True
sudhamrs,True
blendamigo,True
relaxm2015,True
markhM9499PL,True
Thadd_969,True
Frycheiniog,True
387indy,True
emilie1702,True
CarlosGMF,True
sseitz94,True
maritzao199,True
DoctorJohnsonNorway,True
Ice-star79,True
408iulians,True
nik93s,True
METALLICA25,True
rons320,True
martinedupont1504,True
199bength,True
OggieDee,True
BlrTravR,True
ioannisntanos,True
975lillie,True
Jerseygirl133,True
dichaviajera,True
shonrand,True
LoveTravel748945,True
LoveTravel748945,True
N7424UGmariap,True
Cruiser190884,True
ivok370,True
256melinag,True
Sohailisd15,True
markdtp,True
foodtraveller22,True
JudiM669,True
JDA60,True
ellenw947,True
napodanoantonio79,True
SandyM053,True
johnmF4900IY,True
limassolcyprus2018,True
owlbeonholiday,True
russypooh,True
Asaf88,True
Hammadi99,True
wb250591,True
letsgomama,True
PotterUbik,True
cara6223,True
YBTHCOM,True
nadiaolson,True
kitcat84,True
fouadc157,True
ryanakra,True
beattyna,True
Joanie7475,True
Camper169280,True
nicksX3820HY,True
E4061GLangelas,True
MichelleFre,True
masinorfolk,True
robynoncape,True
roba318,True
Fromala,True
MiaMilo689,True
ricsid2020,True
Iqraaakhtar,True
W1786EMchrisb,True
acbchan543,True
kmadunovic,True
MAOZ_TSUR,True
Travelfromessex,True
Assafn100,True
291_stav,True
AlkhatibIman1,True
Vacation37115,True
odilematt,True
T_Pigula,True
moshe233,True
Subrata0168,True
ARobertson619,True
16Bonnie,True
aclayr,True
DaveKapolei_Hawaii,True
worldtraveleraviator,True
55andrys,True
Dunn45,True
110svenk,True
michaelbQ272RO,True
Fell-O_TravellerUK,True
stevetJ7720HA,True
Vieltraveller,True
Mrmotomike,True
jdc8mbc,True
yunezj1,True
tonyking8652,True
219federicas,True
422michall,True
lorrainetSeattle,True
dianatT422TU,True
digitalnomad805,True
emilyhQ2138TY,True
MuraliS516,True
Travel-Lightbeam,True
kirstenbreguet,True
mandop563,True
LightupYourWorld,True
KennethSeet1975,True
440ievam,True
cguevara,True
wschwiner,True
99skidevil,True
darylosw,True
C1682YVkaterinak,True
Killer927,True
Nasgan,True
Loratimes,True
964pera,True
184naseemg,True
gettinlm,True
ajanae,True
413rebeccak,True
SoCalOregonian,True
mel7155,True
stiflerakoss,True
Lucas1981b,True
Ankush_2001,True
DonCesar,True
EnglishWomanAbroad1,True
samuray500,True
Dr_Sameerz,True
yxhagi,True
Zaara_D,True
801eserb,True
JE285,True
Susan97301,True
GWRRA,True
AFSHIN_AB,True
LipVenom,True
AhmedBB,True
mousey75,True
shcizmo,True
patrF9820XR,True
around_go,True
soulap938,True
M9232LQ_,True
joaolagept,True
324MichaelL324,True
MaclayB,True
294pata,True
AnaTamayo728,True
WandaH735,True
farahenh,True
w1lsonO,True
amaryllisturman,True
Angel-holmes,True
athinoulap,True
robinlynn1023,True
jcgtune,True
204roberti,True
300johnc300,True
Trof23,True
PamelaL2434,True
F477ZIstevend,True
newtraveller90123,True
Cytraveler26,True
tomytobi,True
cmayfield510,True
Baj7,True
466kyliew,True
AssfC,True
Ref4219,True
617ebbyj,True
CesarFClemente,True
iyyar,True
TravelisaPleasure,True
anarverissimo,True
Jarbanza,True
Melanie_do,True
aleksandarkrc,True
JuliaRodaBoats,True
dianadT4166QN,True
rnldarl2016,True
Hudsonrowe,True
peterrH5634XH,True
_Z5421OU,True
sarahcK781SR,True
brg68mga,True
594gwenw,True
jbwhitehouse,True
613meganl,True
ttrachta,True
Satsukiwong,True
phillipp939,True
harryzac,True
usseffb,True
alexisfrances,True
ChrisT240,True
HELEN2349,True
PhilW542,True
lynnmano,True
ShatakshiG1,True
MIcheleJH1964,True
thamburajn,True
katriin2016,True
nikolaosv474,True
Darren_C_Thomas,True
roure,True
_dijanca,True
MargieD300,True
jeanbZ5376GY,True
lindseyj946,True
TravelingTandP,True
Jester0479,True
588christophr,True
justliketetris,True
txtfa001,True
P6386DVgeorget,True
Softisue,True
W6606IPrichardw,True
philip-konst,True
AnnB61994,True
patrickcA8582PX,True
lawgoddess1960,True
TravelPatience,True
SHonovich,True
chuckie88,True
nurseMNB,True
AcikaPlu,True
arathi0,True
john_smithen12,True
ericrDIY,True
V4654AUwilliamp,True
nick21337,True
Lozfromoz98,True
smartrabbit,True
magnusj,True
tinav529,True
GwensGramma,True
marissa_bby,True
jmichel01,True
GW4444,True
acalixto0919,True
Fen_Fen_19,True
judyth101,True
pramoda819,True
girl_has_to_travel,True
Holdthebread,True
Glorfindel83,True
528ScottM,True
michellejO3963AJ,True
fathousecat11,True
sandj90,True
HeidiD451,True
jacobwatts,True
yavuzm2019,True
MM07701,True
Grendelsmae,True
wayne1961,True
149nancyk,True
LVardy,True
PaulLondonTraveller,True
567565,True
AnnZ4,True
socratess792,True
amir47,True
RMH247,True
michaelmN9646EH,True
121155,True
Destination774872,True
AlexeyG345,True
okt313,True
ElaineM908,True
lopst99,True
nikkyisgreat,True
marcosmY1849MF,True
toelyn,True
heidianderaon,True
TerryofMB,True
esteriee,True
Mims-Ash,True
effyp2018,True
407philld,True
Jurgendhondt,True
984mazenh,True
rar2,True
veg188,True
veg188,True
CBSciarra,True
ionf678,True
CocZamudio,True
birce0,True
69perry,True
louloumack26,True
547lynnw,True
WF1756,True
A5183IClouises,True
jlnick,True
HoultFamily,True
GregDemers,True
Nonapama,True
cansudokmeci,True
ShubhashreeS,True
ivanzitz,True
PickyAntipodean,True
Alis0n82,True
Yggdrasill,True
357SteveJ,True
49mikeb,True
ilishm,True
thehunk32,True
peterbV3211NM,True
chris_traveller_1972,True
PHXTravler,True
FatCat1888,True
rockcole,True
barbaragalligan,True
sgraisbery,True
Bate61,True
lubo_d2017,True
Cjay8417,True
Isabel_K90,True
nanamc,True
MitziMarmot,True
peglegtraveler,True
amma71,True
annec182,True
HeidiB40,True
LPLoveToTravel,True
SAna_0002,True
c0mpassi0nate,True
Entrepreneur123,True
SarahI487,True
kiwiguy39,True
ursbruno,True
Valhalla3,True
andrewbT8383JX,True
192nurula,True
JPH1984,True
billsusane,True
137alfied,True
jayjoshi29,True
Tastetesterone,True
GlennDeg,True
jeffreywU9998HA,True
Happiness790339,True
Susie1028,True
alexandraaalipiev,True
TexSA70,True
NathanF7207,True
DadaSuzzy,True
KathiraveluG,True
Hewittlj,True
gmulliga,True
JessicaY757,True
Go198838,True
W8659ZWericad,True
harrietgarland211288,True
MikeS92399,True
29vitalinav,True
Shelleyash,True
avipiti,True
1A12,True
120benb,True
kateeS5440VK,True
TRIPSTER077,True
863beccae,True
Playful_One,True
waldorf53,True
justLaura30,True
lesleyb857,True
adprof44,True
255marthapatriciad,True
paulrA8900PX,True
ccinsrq,True
kolhapur74,True
Melisia,True
ESMG,True
Anna_and_Fredrik,True
Elizabetsy5,True
TMD2608,True
OfeliaG46,True
Ronen99,True
Bi-coaster,True
407shayf,True
BingSuseno,True
Sarkku1,True
SanFranciscoGuy634,True
BriggsFancy,True
O65RJmelaniec,True
Gpgsgl,True
Cakeeater22,True
cambry95,True
MaayanCo,True
tannamoore,True
davidsX607HA,True
EileenmikeLondon,True
KellieSpark,True
Sylvie10,True
Scott8446,True
LAW1970,True
dw706,True
DJRH11,True
ChrisDeng,True
MySeaBiscuit13,True
wendyrP6186KW,True
Ari_ofAthens,True
JimmyM975,True
773panagiotisp,True
CJTGlasgow,True
898eugenes,True
NikkiiFresh,True
634v_clavb,True
Lengigs,True
godon123,True
jackduck,True
StaceyS5,True
Louis015,True
TrailBlazer606413,True
cberger45,True
srtxtraveler,True
RhiMarie123,True
fanosun,True
clhaines81,True
mikey2846,True
lynjimy,True
796victoriaa,True
DanielJ490,True
monalib2016,True
danak567,True
NedS343,True
Passenger276855,True
kurchian,True
51yukik,True
ShelleyKrause,True
474johni,True
MonicaMitroi,True
WildpackFunFamily,True
C2988XWlucal,True
Bing18Oct17,True
pblossom,True
asssos,True
rcblanc,True
leigh69_13,True
MadanGopalM,True
dianahF458NB,True
loukas_xago,True
MsMot,True
joyhuang2016,True
Heasman1,True
P_J_Murphy1962,True
ChristheIntrepid,True
CindeeC_13,True
Compass97682,True
Jeff4985,True
katz435,True
TheDad50,True
FierceOgre,True
88kurts,True
Robert-Jan1972,True
MSalmanF,True
907katrinad,True
Dorsetbruce,True
GlobeTrotting597226,True
GWarner9411,True
TabathaSoltay,True
TaherMan10,True
0ddity,True
Trustme52,True
klarayud,True
gurmetgarten,True
peterpiperpickedapec,True
JLC-mtl2015,True
LeeRaleigh,True
galatea1963,True
kellio69,True
DIVESD,True
kthlend,True
schroff,True
Cadogy,True
HMDresearch,True
rohitrc,True
E8358GKpamelab,True
sarzit11,True
kenjmuir,True
frugalarnie,True
CrystalPistol007,True
GrantleyMorgan,True
Burnsfun,True
sashagus,True
Woolf,True
ldjow,True
GibboSA,True
shelba2019,True
ZrinkaR,True
264irenev,True
yym_12,True
Rainnierain,True
rkoenig5,True
ESM42,True
WheelzUpGal,True
vickyw817,True
paul1983amsterdam,True
SushKhera,True
ReshmaS367,True
STEPHENGOU,True
dimitriosk445,True
LouisM842,True
160marcelz,True
UnicornWanderer,True
Alnrs8,True
MerylColaco,True
robertaX5059FE,True
MelodieH,True
tatijanab,True
annamK4203GW,True
Lyoz,True
343cameronh,True
NicolaM1972,True
kennethg673,True
annando36,True
922maxj,True
LloydMacklin,True
alexsm42,True
Josephine9187,True
248jenniferw,True
207IanC,True
jfkasie1,True
580jovanam,True
samzm20,True
Alwayspoppy,True
LEO_FoodTravel,True
Monicaja56,True
JnSdoe,True
Pedrochavoya,True
touristmarcia,True
pmm1983,True
152desislavad,True
WookieG,True
nooda1977,True
Keduc,True
cathycE7647XQ,True
irisharpe,True
Traveler823776,True
missdoogal,True
AntonioAraujoPT,True
KM_Colorado_USA,True
JoanneGarland,True
oge2328,True
Charles_and_Susan,True
siobhanh326,True
OfftheirP,True
silvaniat2015,True
Hodok17,True
nassio_98,True
janine_speirs,True
barbaraaR5969VV,True
Retirees10,True
DebiN219,True
TravelQueenGalia,True
MrsKCIreland,True
lailanjb,True
alichacow,True
RobynDann,True
ElisaL333,True
Siterra,True
Enjoythescenerydear,True
eburghout,True
MarkWBoca,True
Maria_Paph85,True
119jacquelinep,True
wweck,True
638justinasb,True
nataliebirt5,True
ElnaL_12,True
napavalleygal,True
joanneandrichard60,True
sharonchiahuiwen,True
jane642017,True
Charlieboy55,True
lenda142,True
Babblingtraveler,True
NadyaR_12,True
xpanza,True
mcenroute,False
CarolW2161,False
sw587,False
Tonyb4207,False
JoeA376,False
filoz,False
Nillsy,False
a135Butter,False
T7158MDcindyr,False
Alxnd3r,False
felhonezo,False
inkakirsi,False
dansh123,False
moonshadowmama,False
krdaniel,False
anmarine32,False
Kdobs87,False
198natasap,False
85elizabetht,False
blairkk25,False
448timothym,False
385melindam,False
slygal718,False
Otnorot,False
B2422HYdarrens,False
alex_a141414,False
donih,False
A4654DAhelenv,False
IrmaL547,False
jvasil,False
Berz72,False
62Francesca,False
LoataKQ,False
DaveJ273,False
pierreo656,False
marieclare40,False
globetrotting-elissa,False
630astridr,False
altun13,False
625jewelg,False
PitPony99,False
GourmandTrashPanda,False
jasminhN8393MI,False
Matt_UKTX,False
StephCash,False
viraaf,False
junniew2018,False
avadalia,False
41AlanP,False
318maximev,False
shlomitk2015,False
martinkovac,False
daffis2019,False
micheleaQ8239JH,False
519rs432,False
Aussiebd,False
18EC,False
BeatrixDale,False
salababy84,False
missmbg,False
B_villetraveler46,False
adinda7,False
george9987,False
josl398,False
JillH660,False
tonybD7704EB,False
314yannal,False
kthomas7,False
ZetaMIch,False
ocsky,False
AnnZ380,False
JohnL365,False
davidscottwill,False
Kmonique,False
RhiYeag,False
itsawanderfiolife,False
BrianY373,False
PoulheriaR,False
293alland,False
J6197QMbradleym,False
angelicaporreca1,False
martyncymro,False
Erinrm,False
RadioMimi,False
dsfddsfdf,False
june700,False
Greece919,False
TibOneil,False
laur_brophy,False
MJG1984,False
CMAB31,False
andib797,False
mexicomango,False
Coastal700184,False
N7046FZsarahd,False
849oanaf,False
kilsythladdie,False
PomPerth,False
937stevenn,False
nouvelle86,False
577alicew,False
Dawn_Lockmiller,False
Jacqueline584,False
90lesliee,False
smmusa,False
peterf758,False
alex2019143,False
cocarp,False
MickCCa,False
RCF43,False
791anitat,False
allisoncS1006WS,False
jayneeveringham,False
RodnJude,False
Terry1075,False
Optimus2013,False
muffinrebel,False
Caydmus,False
suitsyousir2010,False
Timeout1947,False
MuyBueno7,False
VanessaD110,False
Whartonfe,False
KateK193,False
mikeo229,False
traveldamekim,False
Schteve27,False
hannahpkd,False
CaroMills,False
Sparkling_Julia,False
johntB1818QT,False
alane789,False
akshitnashine,False
PeterMMM253,False
MichelleH4369,False
artmomrx,False
212SuzanneU,False
Toplsbmr,False
Zvikal1,False
juliaf183,False
tfoot68,False
talinec2015,False
mithras123,False
mumair1558,False
OysterLove,False
GretaHL,False
608billg,False
jamiegY5957AL,False
AstuteAdventurer,False
548alim,False
Suzanne2303,False
lauracZ6908XB,False
allaboutcricket,False
JudyH978,False
GerC652,False
859janices,False
JKNDenver,False
davedovelovesfood,False
Clara_206,False
robertoaK569GJ,False
quannguyentx,False
carolrO2554MG,False
christinedawnc,False
Patty2266,False
Bella8891,False
767catalinr,False
markdassler,False
loisgw,False
lyenfa,False
btga91812,False
KayEmo89,False
JohnPaul78,False
dariusec,False
Knutph,False
Samlyn86,False
O4885UNdonw,False
kellyb738,False
robertlt2016,False
jarox,False
U121RCtomk,False
Q1514PPangelar,False
jessm531,False
TrishN301,False
M782RYnickl,False
lj556,False
hogieray,False
stefanc365,False
RitaPapa1,False
YTCHENG,False
lizzz98,False
LMBH2014,False
MRiveraHuck,False
LMT,False
amitavgg,False
Troydan7,False
nmw20,False
Guestbdor,False
PandyDim,False
Bella-N514,False
biancam115,False
happytrails555,False
carriec776,False
jillinga10,False
852craigw,False
inesriza,False
noise246,False
CeeNZ2019,False
W6679KDchristinea,False
CastawayKnight,False
Lawrencek220,False
6245ang,False
874rosec,False
99ashleighc,False
ellelozza,False
KoalaLady_11,False
vincedaniels,False
gioacchinoc739,False
683meltemb,False
82christopherm,False
476georgev,False
plsura,False
farhaj2018,False
BloggerNewDelhi,False
rOza11,False
jrcapps,False
ErikFindlay,False
MattWillis_B,False
flaresBrighton,False
SamahS_12,False
RELAXED000,False
marktW6919CI,False
C2887DQmichelleb,False
Jeffkup,False
mgmmk,False
JerDok,False
TomZ996,False
872jennm,False
travelwiseMiss,False
Orvi63,False
JennP980,False
Land2Sea,False
GinnyE187,False
Nellylondon5,False
674shawkatr,False
Maribelleaventurera,False
nacuk_2000,False
luciarv15,False
alza007,False
I5960DTkarls,False
851ralphg,False
TheLevitz,False
MihailSmith,False
65Zafer,False
anniehatton217,False
FrankMoffatt,False
dgfrancisco,False
jan_stekl,False
RAnnDomized,False
680brucec,False
ABowma,False
antoniose2018,False
genisilva,False
10023mom,False
lostinlovetravel,False
MargoL78,False
panosioannou19,False
Dfc2007,False
Watrbaby,False
dpugz,False
C4171KVchrist,False
govends,False
joee129,False
Block50,False
299Olsen,False
dremp,False
jamiej579,False
Barbucha,False
muths2014,False
ygliaa,False
671diptik,False
sterwrig83,False
marniem876,False
BeckiGT,False
RaeMcCay,False
argy2012,False
Gorton54,False
harveyswalsall_UK,False
jjcoffman,False
118anishm,False
FourManns,False
soniagouws,False
marknovit,False
ThomasTSF,False
pete72014,False
gail055,False
_itsamadworld_travel,False
feletteb,False
Vacaciones23,False
kerosarge729,False
ivanygergely,False
935melindaa,False
GillesHoll,False
392tessak,False
lokir27,False
diaries_of_a_mumof3,False
LucyI1958,False
davidoV3099LZ,False
SusanM272,False
CarrieD1979,False
ronc688,False
ld8594,False
PeterG873,False
JeannieFisher,False
JasperBeddington,False
laurar291,False
851karlg,False
kathrinemargrethe,False
Burywood,False
Indian_Jones_95,False
borborbet,False
Rachhhh_1,False
64martijnp,False
CookieCarly,False
Criseption,False
moshed62,False
JohannaHave,False
Joan991,False
Paul240569,False
TravelWithNicole,False
Y1310EUsamm,False
brucew697,False
AnthonyR813,False
DeniseH886,False
Csaltpleez,False
RebeccaHTraveller,False
LiamF539,False
laurihyt,False
382madalinac,False
19PM64,False
ROEFalah,False
neilbill,False
bailey0420,False
frances564,False
DanielKeen1,False
1989worldtraveller,False
780kevinf,False
NickiG555,False
G6564BIdavidk,False
Sing_solo,False
Laboosh1,False
Kaye2014,False
JohnE817,False
sorenoc,False
morgancita1,False
Karin_cognomen,False
113cassie,False
Zaheduli,False
CHMassachusetts,False
stubbsyla59,False
TJA1212,False
katiekat0520,False
KDR55,False
AthinaSal,False
Bobbybrown514,False
jayjbird98,False
nirupam2017,False
Adventurer826071,False
illuminated2010,False
71daven,False
843jada,False
babwara78,False
holly676767,False
philhellene123,False
YotamL17,False
Alvinfeingold,False
MYPURPLEJOURNEYS,False
716arvindk,False
smoerch,False
JulieDsTravels,False
AngelaS8057,False
WendyHendricks,False
bRameshkumar,False
ctdad11670,False
585toddp,False
Erika_Uren,False
Raidon22,False
discerning082,False
KarleeM63,False
galg,False
rogermontala,False
gszives,False
edvh81,False
TripMommy77,False
Mauriziosimran,False
jacqpaul91,False
emilykQ,False
TundraEdge,False
grossnoles,False
jdro218,False
seema60,False
640saidm,False
ethanhall28,False
CWerschler,False
X7259YAandreak,False
Dr-Ing-Dchen,False
AndreaMcB,False
250louisea,False
LizE743,False
183greetjed,False
brianlavelle001,False
bjbenjam1,False
T305LOdavidm,False
NorthStar488490,False
T3616ZGjennyp,False
harkendude,False
sandymounter,False
DanMTravels,False
CdnSoleSister,False
Melvacation,False
929brittanym,False
corneliua200,False
W8861CUjennyh,False
MrJBM,False
701tinaf,False
Elizzzzzz123,False
Mijn2019,False
nicksmithoz,False
matatusmiedos,False
AntandMar,False
Steadytourist,False
dinerdon,False
alth7,False
BabaPlymouthUK,False
cjajj,False
pavlosthan,False
205micaf,False
BeataF320,False
66neille,False
patrickgw2017,False
I862YBmariag,False
alpw,False
FrequentUser909,False
janettaube,False
Rachelwohl1,False
myalin,False
ZoeK79,False
leroysdog,False
jamessE9216TT,False
Laen27,False
934mihaelab,False
615anitah,False
tarekn307,False
Blackbelt2,False
I3789PGthomasa,False
mcirsteanu,False
shubhaprabhusatam,False
989katen,False
Natlovestravel,False
denguinee,False
Telisha93,False
OliverS493,False
Kairostravellers,False
constantlytess,False
MylissaR,False
52karlk,False
467evgeniyav,False
Gibbles_nbitz,False
melawadi,False
anamariav142,False
Eric_Greeney,False
XamatTomax,False
justblu,False
chesca2471,False
MichelPierreReneH,False
Tmk8911,False
sathvinder,False
Beachy71,False
backtoGreece,False
andrys2015,False
Kimberley_Tough,False
JasonMur,False
RickR727,False
chaplain1,False
NohaE,False
Jellybellydancer,False
L4213RCmarkc,False
Arek_Ski,False
robertsH7102XH,False
M-1950-R,False
NVI_Owner,False
756MichaelA,False
I557XGelised,False
YBDIPLOMAT,False
emerina_bakkes,False
Marie121316,False
dolores193,False
dcanellos,False
596terryg,False
TravellingMagnolia,False
alexsA9163CJ,False
JohannesBA123,False
BUBBAGANOUSH2014,False
VMDXB,False
mazzash,False
Rachel_Kavita,False
Venture13532170984,False
mrsv17,False
AlissonB,False
jmeem42016,False
W3255DDkeithh,False
Gina29de,False
alrubio,False
Y846QRbriang,False
Dan123_K,False
AbbyfromSA,False
lifecity,False
850chintanp,False
MPiepertravels,False
123coco123,False
mihaescuvlad,False
ana_591,False
Pammu_Parvinder,False
scatteredlife,False
Global_Traveller11,False
86eliasd,False
38suleimans,False
MikeandAngelina,False
martinab381,False
AdamC324,False
Helanearth,False
mjh0017,False
howardform,False
Brammos,False
jorj1984,False
MargMGM123,False
cocomel82,False
B8034BTianw,False
SC2414,False
pasil767,False
briansP7543CY,False
405Christopher,False
cynthdpbeach,False
joannalister,False
367kathrynr,False
MrsMuck,False
TravelingDad_PTFC,False
312beno,False
arero89,False
gregoryn888,False
NiteshP218,False
sadrilc,False
SoyKabAl,False
reviewme2020,False
mikeaU6677ZF,False
avirupdg,False
PaulTena,False
Lizzied23,False
LisaR659,False
SteveAppelman,False
anjellat,False
sbhagwandin,False
Sandra1336,False
worldtraveler760686,False
VolatileAgent1968,False
summertimespecial,False
adamchap,False
profmelfiky,False
RKHOOKER,False
Nstewart2014,False
71kimf,False
ismaelgenaochalas,False
926staceyw,False
marklinderNE,False
heidiriikka,False
DirkW107,False
njoireading247,False
Margarita703,False
T5985UUrebeccas,False
Jason_and_Tania,False
U7945FYamyr,False
Filitheyo,False
V972GUjasonh,False
Abhi_review,False
Joe2589,False
olgasT147JJ,False
N1906HMsandrah,False
Lena1797,False
1958Happy,False
AaronE_12,False
TiborM_12,False
gypsygirl52,False
gksmith,False
Tonje_Traveller,False
GRad44,False
MaxTales,False
292indirac,False
ninasch1976,False
carlabN227YE,False
213lorio,False
Goodfoodperson,False
alessandrogalardi,False
sorcereyes,False
nehab81,False
lecg15,False
ionutdragomir,False
Cgonzales1280,False
helenlf2017,False
294sidneys,False
Carpetboy01,False
90nileshp,False
northbaychris,False
mgfj20424,False
LegendsIsGarbage,False
stefanbH8674XW,False
zsoltc260,False
Nearly6,False
589derekg,False
589derekg,False
ValK033,False
pallavi210487,False
4tour19,False
374saida,False
758ris,False
shannonloves2travel,False
IzzyK808,False
airforceangella228,False
Mariannemolina,False
MummaandCo,False
ylc25,False
BecP2117,False
ritalopezpr,False
maskinner42018,False
Myahpyah,False
liztravel01,False
Michael191145,False
nancysp20,False
tcmnn,False
CeciliaStr,False
X9885XOchriss,False
natmaz1,False
GranZorro,False
SJVBeijing,False
andrea_blabla,False
Maggi5,False
126lindau,False
716garrettc,False
cmp809,False
430jonathanh,False
traveler82840,False
Wilhelmm007,False
shoegal20,False
borisryan,False
SFCAUSA2019,False
cunorbust,False
mcru2019,False
autyrowdy,False
217marilynr,False
CanuckJosh,False
thetravellingfugu,False
stomaro,False
A2290YUjessieh,False
729sammic,False
RudolfsMikado,False
jaredswick,False
AppleStud,False
Jake100001,False
NiniP47,False
samiam9390,False
MarianChl,False
donnalX8468GH,False
925KiraL,False
RamonasExperiences,False
la_dub19,False
517vasilisb,False
SnlBmb,False
ShanoP,False
SusanT775,False
794chrisp794,False
DOLPHINAAR,False
wrfloorings,False
990chuckr,False
Chikimou,False
Twaffoor,False
U289XRlisak,False
preciousness22,False
fammari,False
JimN1261,False
StarStraf,False
julierN5166EQ,False
travel2dive,False
RoseannG10,False
donavan94563,False
DavetheRave6,False
AnastasiaT1987,False
888birgittes,False
CeciliaJewel_35,False
738teslad,False
265JudyC,False
michaelwM2041GT,False
Dougogreen,False
1990Ioana,False
kaitlync344,False
CandaceE7,False
Bychkovae,False
Coper533,False
RachelW2823,False
KirstenPTA,False
SriyaniT,False
Marianthi_Va,False
EvaZ209,False
423adamd,False
AlakGRaju,False
Aumid,False
groseclosemaria,False
riboflvnjr,False
O6193LBmichaelg,False
Ccristina_1989,False
LLLambertJr,False
AnnemarieE40,False
435terric,False
justmecqbm,False
lks1512,False
notwaltermitty,False
287kelvinm,False
USCKaboom,False
elizabetht739,False
978KenT,False
lv039,False
861tr,False
Tory80,False
geo0000,False
rsmwill1,False
Meander682594,False
julialynn2016,False
160margaritaa,False
Sagando,False
jaxg8rgirl,False
974chec,False
elenilam,False
mink0t,False
Vasilios-ka,False
893sandyh,False
MattM6117,False
AndreToronto,False
aledecab,False
82ANDYT,False
NZTraveller20,False
eddieh266,False
smS4662GV,False
Thesmallsmith,False
charlesw330,False
virginiarcs,False
Mathewalampally,False
safar,False
maleboalicem,False
swizljager,False
KrazyKatTraveler,False
LiaMaraPinto,False
Avitalp3,False
kielihoog,False
patrickaU4671EX,False
195kareny,False
dave47D,False
Warren007,False
Allkuans,False
aglvos,False
CarlS955,False
patrickmjack,False
Freedom744513,False
Joshwaa1,False
dianel103,False
survivingwith,False
PittsburghBambi,False
alexaa2345,False
RockProfessor,False
donnaleigh27,False
890dennise,False
mttaylor9,False
JohnDoe1977NWH,False
zettavili,False
leedjjck,False
Idan1382,False
pbeth45,False
keithhQ4531WB,False
JanisN123,False
Max_Luca_Porto,False
belladonna01,False
technosavvy,False
malakaraj,False
KKWalter,False
amyc437,False
hkasa,False
Picto_Leng,False
aneela26,False
gam0rri,False
hoyingw,False
11KLA,False
PaulK41,False
Steve_Sartori_2004,False
diannachayden,False
luvbk11221,False
C-Liz1,False
dfaulconbridge,False
Y3147SFbrianb,False
577bigdaddy,False
Londonishome,False
hilmill,False
Kevv_heathh,False
Crazy_flash,False
jefflC6195OD,False
dobingbrowne,False
Dundasmom,False
geminigemini,False
Tindufi,False
devnprt1,False
rhealey007,False
476shannond,False
Archimedes_and_pals,False
RueMU,False
767vanessad,False
Mjkksheridan,False
nesha6,False
worldtravelerFourDot,False
jpcheshire1615,False
CarreraPorsche,False
bfreshley,False
LnS2004,False
257zoe,False
Jlouiissee,False
thebluedoors,False
AliJson,False
461brada,False
allthecrap,False
Gumus,False
zevald,False
LukeSmart98,False
zoetbla85,False
bikerbabe22,False
Brunoiivana,False
TMK901,False
Corinne028,False
simonem114,False
pholiota,False
kettz,False
219SusanOttah,False
ramonl826,False
renaefranklin2908,False
neimaht,False
tonytCruiseshipCent,False
lucyl748,False
maybaroudy,False
sunlovers616,False
brianmH631UM,False
H4930NWlisac,False
alexwoldt,False
kurosdwenodaine,False
Celes2011,False
paulbR1618KL,False
holidayfan55,False
LESBET,False
Danny_Zam,False
TonyTPsycho,False
H4054DXjulie,False
Nidhi915,False
Heckster67,False
ElizabethLilly,False
Nomad45729223353,False
OriginalBrew,False
Kenpasha,False
sharrongeg,False
Bluegrassmom58,False
227renad,False
kattmoments,False
jxblanco1,False
JeffP280,False
T6725QIjohng,False
FIREtraveler4730,False
cutiscar,False
Ikseibos,False
KarenLillywhite,False
PapaTours,False
Tibyss,False
Praveenk2008,False
nick164,False
5aural,False
margaretsU9120NK,False
Wiseohio,False
RaysView,False
curtb763,False
Denis7299,False
wandagold,False
TheOne58,False
Joyjmi,False
gallivantwithme,False
MSJet_Setter1,False
164dons,False
RogerandTracey,False
sachin02,False
840avig,False
252mattn,False
globaltraveler1121,False
682elsad,False
AlwiAA,False
maryi954,False
NomadicaSam,False
992mdhabiburr,False
nancyhX7180LD,False
damonmaurice,False
pamiller1,False
Givanchi,False
Dbarkaway,False
324harrisp,False
BenR59,False
Simon888888,False
melissawho,False
carolinecC9888QD,False
Getaway642770,False
vijayk157,False
suwannac2016,False
DRW44,False
RitaP669,False
JuneJacinto,False
danielos2,False
hbsurf74,False
Toni77221,False
BeachSeekers123,False
787tatianap,False
DannySzym,False
alytravelssa,False
BugforTravel,False
tommy8244,False
JohnStratford_Canada,False
designdane,False
elaishaley,False
Y7007YVmatthewa,False
Tommy2Maz,False
ErfanJ,False
SB640817,False
X5159BUmaryw,False
Evi_Nguyen,False
X8958YEpeterm,False
AlmahSantos,False
Sockster,False
edwardr211,False
hyousry94,False
Carioca15001906,False
Bonymerlin111,False
emt0291,False
Tiersha,False
CMA333,False
DennyS510,False
KazH-2013,False
ellygan,False
Veronica660,False
Regfoulds,False
7Joaquin,False
202allenw,False
sherryt706,False
anitapnz,False
LuisGReyna,False
RyanS859,False
Sturell,False
boyc854,False
OrganisedDinosaur,False
thomascB3809XL,False
JoeFlynnLaPlataMD,False
frankrO8970YX,False
Jellyholtrop,False
PamB683,False
pkroychoudhury,False
Kenbill,False
effie98,False
Foodie592,False
mama2leilani,False
catherinehamel81,False
leshephe,False
sandjasmine,False
Flymehigh,False
unhappycustomer151,False
Expedition794931,False
297gayes,False
BriannaGoesPlaces,False
TomWandFamily,False
847timothyr,False
JohnKBales,False
288albertd,False
Raycsm,False
ashirar2016,False
RebeccaHBG,False
imaginelle,False
F64VQchrist,False
390vivianh,False
rener668,False
Span_pro,False
think24htravel,False
barbaradN3900PJ,False
772allenb,False
X4972RJthomasr,False
682stewarts,False
Fulhamish,False
bon_heineken,False
ashleighzc1989,False
DavidVR84,False
T7215YQmichaelr,False
Lesvicto,False
598sallyannc,False
yen123,False
808rc,False
340ericp,False
chuckm750,False
Skye757,False
65lorif,False
Caylinsgranny,False
rockyjoe,False
sandrapZ9224WS,False
oliviao943,False
jkf_12,False
Count_colin,False
1proudkiwi,False
angelat241,False
Eil927,False
kheanab2019,False
Ace32400,False
kylelutgen,False
colombiajan,False
ZwarteJoop,False
351ulrikas,False
Evelyn_Barnett,False
dgogian,False
697to,False
mikejW840IZ,False
MontherYASEEN,False
Khalhasi,False
AdelinaMPC,False
solomonjaro,False
tmboc,False
daveoconnor879,False
gregm294,False
bonnpritch,False
SevenoaksSinjun,False
shunky,False
clifnliz,False
JYMIE,False
twistedtadpole,False
cdank16,False
Travel_moore4,False
landerrm,False
DavidTis,False
maxwellkg,False
inFlightFun,False
ChrisCambridge1,False
madelines543,False
mandybradd,False
rudyp599,False
GabrielleRoseMaria,False
paulad146,False
dahliadecay,False
RekhaThaker,False
287nikkac,False
theharshcritics,False
OlympicFan2010,False
106bettyp,False
Strengthsguru,False
789kirkf,False
KBSLC,False
M384KNandyc,False
95kimmy,False
beaverrandell,False
TheTravelMoniker,False
Discover435314,False
ChuckB145,False
boba317,False
yvonnefu21,False
Littletraveler63,False
beatenorway68,False
copenbeverly3870,False
LaurieC118,False
daniellefyy,False
kmridgway,False
TE_CC01,False
tripmama2018,False
restina11,False
Trail436115,False
589GailT589,False
jammajod,False
deanwebb2016,False
Rooty1960,False
Y5958PHdavidb,False
Ayeletgolan,False
temenuzhkak2018,False
Veillon1,False
LarryJ917,False
sunildesai,False
sylbanno,False
LuckySpade1983,False
WineauxAlexandria,False
540traceyt,False
Hometime1,False
alm0ndj0y23,False
JameAndDare,False
Paula05192012,False
Deepika025,False
W2257USlisaj,False
150jarlathd,False
Bonnielars,False
Q3837QPstevek,False
K5284FProbinw,False
TheWorldsMineOyster,False
Selmacast,False
890lisal890,False
ALBR55,False
AndyNit,False
michalherrmann,False
bonniew61,False
fergusmcrae,False
richardcM6474JO,False
aprilp136,False
TAIN2013,False
mrsamirah,False
RiddhiL6,False
kulypkos_keliauja,False
nilig2017,False
98hardeepn,False
warnaf,False
fittinginadventure,False
LizRotherham,False
AFMG11,False
mikeeM6009OK,False
lmhirving,False
Beach_Ravi,False
187LisaH1,
